Keyword,Position,Previous position,Search Volume,Keyword Difficulty,CPC,URL,Traffic,Traffic (%),Traffic Cost,Competition,Number of Results,Trends,Timestamp,SERP Features by Keyword
succincte,45,45,9900,93.04,0.00,http://www.europastry.com/pdf/Histoire_succincte_du_pain.pdf,2,0.4,0.00,0,2230000,"[82,100,100,100,82,67,55,82,100,100,82,100]",1585606462,"Featured snippet, Video Carousel"
toffee,92,91,5400,91.08,0.77,http://www.europastry.com/fr/produits/#!fleur-saveur-toffee/_producto:970g33f4/,0,0,0.00,0.05,80900000,"[44,55,55,55,36,55,55,44,67,82,100,67]",1585594837,"Instant answer, Knowledge panel, Image, Video Carousel"
pain hamburger,38,36,4400,87.44,0.54,http://www.europastry.com/fr/produits/#!pain-hamburger/_producto:88s81g48f1/,3,0.6,1.00,0.76,21000000,"[55,67,55,100,55,55,67,55,67,67,67,67]",1585595007,"Image pack, Image, Video Carousel"
nata,84,84,2900,85.73,0.00,http://www.europastry.com/fr/produits/#!pasteis-de-nata-cuit-ts/_producto:596f5/,0,0,0.00,0.02,104000000,"[67,67,67,81,67,81,100,81,81,81,81,67]",1585602005,"Instant answer, Knowledge panel, Local pack, Site links, Image, Video Carousel, FAQ"
brioche suisse,89,88,2400,87.91,0.00,http://www.europastry.com/fr/produits/#!brioche-suisse/_producto:1141g22f2/,0,0,0.00,0,1180000,"[55,66,55,43,36,36,43,55,100,66,55,82]",1585598660,"Knowledge panel, Image, Video Carousel"
boulangerie honoré,52,52,1600,72.68,0.00,http://www.europastry.com/fr_FR/nouvelles/les-nouvelles-miches-saint-honore-marquent-les-tendances-en-boulangerie/_id:230/,0,0,0.00,0,527000,"[54,54,54,67,67,67,67,67,67,67,100,100]",1585101701,"Local pack, Image pack"
pasteis,89,89,1600,86.91,0.00,http://www.europastry.com/fr/produits/#!pasteis-de-nata-cuit-ts/_producto:596f5/,0,0,0.00,0,3530000,"[53,84,68,84,68,84,100,84,84,84,68,68]",1585151902,"Knowledge panel, Image, Video Carousel, FAQ"
pain a hamburger,61,66,1000,86.75,0.62,http://www.europastry.com/fr/produits/#!pain-hamburger/_producto:88s81g48f1/,0,0,0.00,0.67,26100000,"[68,68,68,100,68,68,77,68,77,77,77,77]",1585580811,"Image pack, Image, Video Carousel"
pain en espagnol,78,78,720,88.78,0.00,http://www.europastry.com/fr/produits/#!pain-cristal/_producto:976g3f1/,0,0,0.00,0,13000000,"[37,37,45,45,45,63,100,55,45,37,37,45]",1585019006,"Instant answer, Image pack, Image, Video Carousel"
connecting food,84,84,590,76.69,0.00,http://www.europastry.com/fr_FR/nouvelles/connecting-food-start-up-laureate-du-concours-drsquoinnovation-baking-the-future-challenge/_noticia:212/,0,0,0.00,0,412000000,"[67,55,55,55,67,55,36,55,100,82,67,100]",1585371459,"Knowledge panel, Image pack, Tweet, Video, Video Carousel"
ou acheter des mini pain burger a garnir,87,87,590,81.2,0.34,http://www.europastry.com/fr_FR/nouvelles/europastry-lance-de-nouveaux-produits-elargissant-son-portefeuille-de-pains-faonnes/_id:58/,0,0,0.00,0.99,55100,"[2,4,5,16,13,13,16,16,25,37,100,30]",1585331971,"Local pack, Image pack, Image, Video Carousel"
muffin au yaourt,83,0,590,83.38,0.00,http://www.europastry.com/fr/produits/#!muffin-tulipe-yaourt-et-cranberry/_producto:184s34g33f4/,0,0,0.00,0,2990000,"[67,82,67,82,55,44,55,67,100,82,67,67]",1585602191,"Image, Video Carousel"
boulangerie saint honoré,22,27,590,76.24,0.00,http://www.europastry.com/fr_FR/nouvelles/les-nouvelles-miches-saint-honore-marquent-les-tendances-en-boulangerie/_id:230/,0,0,0.00,0,478000,"[82,82,82,100,100,82,82,82,100,82,100,100]",1585544458,"Local pack, Image"
produits portugais,53,50,480,67.82,0.21,http://www.europastry.com/fr/produits/#!produits-portugais/_familia:5/,0,0,0.00,0.24,115000000,"[54,67,67,67,82,67,100,82,67,82,100,54]",1585569546,"Local pack, Image pack, Site links, Video Carousel"
croissant bicolore,31,31,480,70.91,0.00,http://www.europastry.com/fr_FR/nouvelles/innovation-et-qualite-sont-a-la-cle-des-nouveaux-lancements-de-viennoiseries-drsquoeuropastry/_id:176/,0,0,0.00,0.01,281000,"[44,36,36,36,30,30,55,82,100,67,44,67]",1585332064,"Image pack, Video, Image, Video Carousel"
honoré boulangerie,31,31,480,71.43,0.00,http://www.europastry.com/fr_FR/nouvelles/les-nouvelles-miches-saint-honore-marquent-les-tendances-en-boulangerie/_id:230/,0,0,0.00,0,595000,"[54,54,54,54,54,54,54,54,54,67,100,82]",1585414715,"Local pack, Image pack, Image"
pain sandwich,23,23,480,75.75,0.00,http://www.europastry.com/fr/produits/#!gros-pain-sandwich/_producto:60g13f1/,0,0,0.00,0.88,128000000,"[66,66,66,81,81,81,100,66,81,81,100,100]",1585310317,"Knowledge panel, Image, Video Carousel"
pain rustique,42,42,390,76.64,0.22,http://www.europastry.com/fr/produits/#!pain-rustique-du-boulanger/_producto:844g47f1/fr/produits/#!pain-multicereales/_producto:1018g47f1/fr/produits/#!demi-baguette-ancienne/_producto:1019g47f1/fr/produits/#!ancienne-baguette/_producto:1020g47f1/fr/produits/#!grand-pain-rustique-du-boulanger/_producto:1022g47f1/,0,0,0.00,0.3,3020000,"[54,100,54,67,67,81,81,100,100,100,100,100]",1584964848,"Image pack, Image, Video Carousel"
pain à hamburger,67,67,390,84.51,0.61,http://www.europastry.com/fr/produits/#!pain-hamburger/_producto:88s81g48f1/,0,0,0.00,0.75,42000000,"[81,66,66,81,54,54,81,54,81,81,66,100]",1585455142,"Image pack, Image, Video Carousel"
croissant portugais,45,45,390,76.47,0.00,http://www.europastry.com/fr_FR/nouvelles/europastry-renforce-son-engagement-a-la-fabrication-artisanale-avec-lrsquoachat-de-confeitaria-torres-au-portugal/_id:169/,0,0,0.00,0.02,1500000,"[81,54,44,36,36,81,100,66,66,54,44,66]",1584903736,"Image pack, Image, Video Carousel"
boulangerie honore,55,55,390,73.15,0.00,http://www.europastry.com/fr_FR/nouvelles/les-nouvelles-miches-saint-honore-marquent-les-tendances-en-boulangerie/_id:230/,0,0,0.00,0,294000,"[67,67,81,81,67,81,67,81,81,67,100,100]",1585124835,"Local pack, Image pack, Image"
demi baguette,8,8,320,67.12,0.00,http://www.europastry.com/fr/produits/#!demi-baguette/_producto:89s12g11f1/,9,1.81,0.00,0.07,7960000,"[67,67,67,82,82,82,67,82,100,82,67,100]",1585515617,"Image pack, Image, Video Carousel"
avec nous,39,39,320,78.22,0.00,http://www.europastry.com/fr_FR/travaille-avec-nous/,0,0,0.00,0,3140000000,"[24,19,24,29,29,29,29,54,81,81,100,100]",1584928929,"Image pack, Video, Video Carousel"
petit croissant,58,58,260,91.47,0.00,http://www.europastry.com/fr/produits/#!petit-croissant-mixte/_producto:325g26f3/fr/produits/#!petit-croissant-a-la-saucisse/_producto:326g26f3/fr/produits/#!mini-chic-au-thon/_producto:270g26f3/,0,0,0.00,0,56800000,"[16,16,100,55,19,19,19,19,24,19,36,19]",1584668606,"Local pack, Image pack, Reviews, Image, Video Carousel, FAQ"
europastry,2,2,260,58.59,0.00,http://www.europastry.com/fr/produits/#!croissants/_gama:16f2/,6,1.21,0.00,0,283000,"[81,81,81,66,53,81,53,81,100,81,66,66]",1584552721,"Knowledge panel, Local pack, Image pack, Site links, Reviews, Video Carousel"
europastry,3,3,260,58.59,0.00,http://www.europastry.com/en_GB/,4,0.8,0.00,0,283000,"[81,81,81,66,53,81,53,81,100,81,66,66]",1584552721,"Knowledge panel, Local pack, Image pack, Site links, Reviews, Video Carousel"
europastry,4,4,260,58.59,0.00,http://www.europastry.com/,3,0.6,0.00,0,283000,"[81,81,81,66,53,81,53,81,100,81,66,66]",1584552721,"Knowledge panel, Local pack, Image pack, Site links, Reviews, Video Carousel"
europastry,1,1,260,58.59,0.00,http://www.europastry.com/fr_FR/,208,42.02,0.00,0,283000,"[81,81,81,66,53,81,53,81,100,81,66,66]",1584552721,"Knowledge panel, Local pack, Image pack, Site links, Reviews, Video Carousel"
europastry,5,5,260,58.59,0.00,http://www.europastry.com/fr/produits/#!reception/_gama:88f2/,2,0.4,0.00,0,283000,"[81,81,81,66,53,81,53,81,100,81,66,66]",1584552721,"Knowledge panel, Local pack, Image pack, Site links, Reviews, Video Carousel"
europastry,6,6,260,58.59,0.00,http://www.europastry.com/fr/produits/#!sales/_familia:3/,2,0.4,0.00,0,283000,"[81,81,81,66,53,81,53,81,100,81,66,66]",1584552721,"Knowledge panel, Local pack, Image pack, Site links, Reviews, Video Carousel"
europastry,7,7,260,58.59,0.00,http://www.europastry.com/fr/produits/#!produits-saisonniers/_gama:46f9/,2,0.4,0.00,0,283000,"[81,81,81,66,53,81,53,81,100,81,66,66]",1584552721,"Knowledge panel, Local pack, Image pack, Site links, Reviews, Video Carousel"
europastry,8,8,260,58.59,0.00,http://www.europastry.com/fr/produits/#!viennoiserie-diverse/_gama:22f2/,1,0.2,0.00,0,283000,"[81,81,81,66,53,81,53,81,100,81,66,66]",1584552721,"Knowledge panel, Local pack, Image pack, Site links, Reviews, Video Carousel"
europastry,9,9,260,58.59,0.00,http://www.europastry.com/fr/produits/#!les-dots/_gama:27f4/,1,0.2,0.00,0,283000,"[81,81,81,66,53,81,53,81,100,81,66,66]",1584552721,"Knowledge panel, Local pack, Image pack, Site links, Reviews, Video Carousel"
europastry,10,10,260,58.59,0.00,http://www.europastry.com/fr/produits/#!viennoiserie-caprice/_gama:15f2/,1,0.2,0.00,0,283000,"[81,81,81,66,53,81,53,81,100,81,66,66]",1584552721,"Knowledge panel, Local pack, Image pack, Site links, Reviews, Video Carousel"
europastry,11,11,260,58.59,0.00,http://www.europastry.com/fr/produits/#!croissants-mini/_subgama:19g16f2/,2,0.4,0.00,0,283000,"[81,81,81,66,53,81,53,81,100,81,66,66]",1584552721,"Knowledge panel, Local pack, Image pack, Site links, Reviews, Video Carousel"
croissant d or,81,81,260,80.42,0.00,http://www.europastry.com/fr/produits/#!/_producto:1046f/,0,0,0.00,0,112000000,"[100,81,81,66,81,53,53,81,81,100,81,100]",1584559567,"Local pack, Image pack, Reviews, Video Carousel"
pastis de nata,83,83,260,84.73,0.00,http://www.europastry.com/fr/produits/#!pasteis-de-nata-cuit-ts/_producto:596f5/,0,0,0.00,0,1020000,"[66,81,81,81,66,81,81,81,100,81,66,81]",1585404035,"Knowledge panel, Image, Video Carousel"
petit pain hamburger,97,97,260,87.17,0.00,http://www.europastry.com/fr/produits/#!pain-hamburger/_producto:88s81g48f1/,0,0,0.00,0.96,18700000,"[15,24,24,54,29,19,24,24,29,36,100,36]",1584684042,"Image pack, Reviews, Image, Video Carousel"
pasteis nata,72,72,260,86.75,0.00,http://www.europastry.com/fr/produits/#!pasteis-de-nata-cuit-ts/_producto:596f5/,0,0,0.00,0.02,857000,"[44,81,53,66,53,100,100,81,100,81,81,81]",1584842473,"Knowledge panel, Image, Video Carousel"
produits espagnols,85,85,260,60.4,0.20,http://www.europastry.com/fr_FR/produits/,0,0,0.00,0.28,4640000,"[100,44,81,66,53,66,81,81,66,81,100,81]",1585440194,"Local pack, Image pack, Site links, Featured snippet, Video Carousel"
croissant paris,32,32,260,81.32,0.00,http://www.europastry.com/fr/produits/#!croissant-paris-chocolat-caprice/_producto:498s50g15f2/,0,0,0.00,0,69800000,"[44,66,66,66,81,81,100,81,100,100,100,81]",1584828054,"Local pack, Image pack, Video Carousel"
croissant beurre,89,89,210,86.66,0.00,http://www.europastry.com/fr/produits/#!mini-croissant-beurre/_producto:434g17f2/,0,0,0.00,0.01,4540000,"[65,65,65,65,54,65,65,81,100,100,81,100]",1584655407,"Image pack, Reviews, Image, Video Carousel"
gros pain,92,92,210,79.36,0.00,http://www.europastry.com/fr/produits/#!gros-pain-sandwich/_producto:60g13f1/,0,0,0.00,0,76800000,"[53,53,66,66,44,66,81,81,66,81,81,100]",1584849933,"Image pack, Image, Video Carousel"
viennoiserie surgelé,91,91,210,75.76,0.72,http://www.europastry.com/fr_FR/nouvelles/innovation-et-qualite-sont-a-la-cle-des-nouveaux-lancements-de-viennoiseries-drsquoeuropastry/_id:176/,0,0,0.00,1,173000,"[81,81,81,81,54,54,65,65,81,81,81,100]",1584860232,"Image pack, Site links, Video Carousel"
denata,51,51,210,88.62,0.00,http://www.europastry.com/fr/produits/#!pasteis-de-nata-cuit-ts/_producto:596f5/,0,0,0.00,0,9370000,"[65,81,65,65,65,81,81,81,100,81,100,65]",1583139230,"Image pack, Reviews, Image, Video Carousel"
éventail synonyme,41,41,170,87.36,0.00,http://www.europastry.com/fr_FR/nouvelles/europastry-elargit-son-eventail-de-pains-de-hamburger-avec-une-nouvelle-gamme-de-panburger/_id:64/,0,0,0.00,0,100,"[54,42,54,100,65,65,65,54,54,81,54,42]",1583339853,"Image pack, Featured snippet"
boulangerie barcelone,58,58,170,70.41,0.00,http://www.europastry.com/fr_FR/nouvelles/europastry-inaugure-cereal-le-premier-centre-de-rd-sur-les-produits-de-boulangerie-et-patisserie-en-europe/_id:66/,0,0,0.00,0,1440000,"[44,66,53,53,66,53,100,28,44,16,28,44]",1584878287,"Local pack, Image pack, Site links, Video Carousel"
st honore boulangerie,46,46,140,78.08,0.00,http://www.europastry.com/fr_FR/nouvelles/les-nouvelles-miches-saint-honore-marquent-les-tendances-en-boulangerie/_id:230/,0,0,0.00,0.03,450000,"[43,52,52,81,52,52,81,52,81,100,52,67]",1585022311,"Local pack, Image, Video Carousel"
baguette rustique,49,49,140,72.26,0.00,http://www.europastry.com/fr/produits/#!baguette-rustique/_producto:14s60g2f1/,0,0,0.00,0.01,512000,"[43,52,67,52,52,67,100,81,67,100,67,67]",1583487261,"Image pack, Site links, Reviews, Image, Video Carousel"
paris croissant,47,47,140,84.72,0.00,http://www.europastry.com/fr/produits/#!croissant-paris-90g/_producto:581g15f2/fr/produits/#!croissant-paris-caprice/_producto:223g15f2/fr/produits/#!croissant-paris-midi-caprice/_producto:276g15f2/fr/produits/#!super-croissant-paris-chocolat-caprice/_producto:527g15f2/fr/produits/#!croissant-paris-chocolat-caprice/_producto:498g15f2/fr/produits/#!croissant-aux-cereales-caprice/_producto:224g15f2/fr/produits/#!pain-au-chocolat-caprice/_producto:497g15f2/fr/produits/#!tresse-noir/_producto:227g15f2/fr/produits/#!pain-aux-raisins-caprice/_producto:228g15f2/fr/produits/#!torsade-caprice/_producto:230g15f2/fr/produits/#!paille-caprice/_producto:229g15f2/fr/produits/#!croissant-choc-caprice/_producto:225g15f2/fr/produits/#!mini-croissant-paris-caprice/_producto:231g15f2/fr/produits/#!mini-croissant-caprice-au-chocolat/_producto:612g15f2/fr/produits/#!petit-pain-aux-raisins-caprice/_producto:233g15f2/fr/produits/#!mini-croissant-aux-cereales-caprice/_producto:526g15f2/fr/produits/#!mini-torsade-caprice/_producto:234g15f2/fr/produits/#!tarte-aux-pommes-caprice/_producto:428g15f2/fr/produits/#!mini-fripon-au-chocolat-caprice/_producto:429g15f2/fr/produits/#!pain-suisse/_producto:724g15f2/fr/produits/#!pain-au-chocolat-caprice/_producto:868g15f2/fr/produits/#!croissant-paris-caprice-xl-courbe/_producto:870g15f2/fr/produits/#!assortiment-mini-caprice/_producto:956g15f2/fr/produits/#!croissant-100-epeautre/_producto:975g15f2/,0,0,0.00,0.01,73200000,"[43,43,43,52,67,67,43,43,52,81,100,100]",1583819935,"Local pack, Image pack, Reviews"
paris croissant,48,48,140,84.72,0.00,http://www.europastry.com/fr/produits/#!super-croissant-paris-chocolat-caprice/_producto:527s50g15f2/fr/produits/#!croissant-aux-cereales-caprice/_producto:224s50g15f2/,0,0,0.00,0.01,73200000,"[43,43,43,52,67,67,43,43,52,81,100,100]",1583819935,"Local pack, Image pack, Reviews"
établissement plv,54,54,140,80.67,0.00,http://www.europastry.com/fr/conseils-plv/_plv:2/,0,0,0.00,0.11,125000,"[0,100,21,1,3,1,1,1,1,26,9,1]",1585079947,
les miche de la boulanger,46,46,140,85.62,0.00,http://www.europastry.com/fr_FR/nouvelles/les-nouvelles-miches-saint-honore-marquent-les-tendances-en-boulangerie/_id:230/,0,0,0.00,0,14300000,"[65,65,100,82,100,100,82,82,65,82,100,65]",1583252550,"Local pack, Image pack, Site links, Reviews, Image"
produits espagnols paris,94,94,140,66.34,0.48,http://www.europastry.com/fr/produits/#!croissant-paris-chocolat-caprice/_producto:498s50g15f2/,0,0,0.00,0.26,0,"[100,43,33,52,52,52,67,67,81,52,52,52]",1583276417,"Local pack, Reviews, AdWords top"
hot dog baguette,79,0,140,81.04,0.00,http://www.europastry.com/fr/produits/#!demi-baguette/_producto:89s12g11f1/,0,0,0.00,0,30700000,"[42,42,42,42,42,54,54,54,54,65,54,100]",1585577034,"Image pack, Image, Video Carousel"
croissant abricot,91,91,140,81.62,0.00,http://www.europastry.com/fr_FR/produits/#!croissant-aux-noisettes-caprice/_producto:1260s50g15f2/,0,0,0.00,0,290000,"[52,67,52,67,81,100,100,67,81,67,52,81]",1585123459,"Knowledge panel, Image pack, Image, Video Carousel"
nouveau pack,68,68,140,79.64,0.00,http://www.europastry.com/fr_FR/nouvelles/europastry-lance-un-nouveau-pack-painburger-conu-pour-le-canal-retail/_id:220/,0,0,0.00,0.29,160000000,"[52,43,100,52,33,81,81,43,100,81,67,67]",1583492569,"Image pack, Reviews, Video"
patisserie danoise,76,76,140,71.6,0.00,http://www.europastry.com/fr_FR/produits/,0,0,0.00,0,65400,"[33,52,52,52,43,67,100,67,67,81,81,81]",1585378670,"Knowledge panel, Site links, Image, Video Carousel, FAQ"
patisserie en espagnol,95,0,140,86.98,0.00,http://www.europastry.com/fr_FR/produits/,0,0,0.00,0,646000,"[65,100,82,65,53,41,41,100,82,100,82,100]",1585545396,"Instant answer, Image pack, Video, Image"
une demi baguette,15,15,140,76.31,0.00,http://www.europastry.com/fr/produits/#!demi-baguette/_producto:89s12g11f1/,0,0,0.00,0.1,15800000,"[64,79,79,100,79,79,100,79,100,100,100,100]",1584903803,"Image pack, Image, Video Carousel"
8oz en cl,90,90,140,76.72,0.00,http://www.europastry.com/us/en/product-detail/8-oz-italian-sub-rolls-cl/_id:219/,0,0,0.00,0.02,11200000,"[67,67,43,67,67,67,67,67,67,81,100,81]",1585414859,Instant answer
flute provençale,24,24,140,75.46,0.00,http://www.europastry.com/fr/produits/#!mini-flute-aux-cereales/_producto:140g7f1/,0,0,0.00,0.11,317000,"[13,5,3,5,3,6,100,19,13,8,8,8]",1583669874,"Knowledge panel, Site links, Reviews, Image, Video Carousel"
barcelona 2015,74,0,140,83.59,0.00,http://www.europastry.com/fr_FR/nouvelles/europastry-ont-reu-les-prix-acg-barcelona-2015-pour-les-meilleures-operations-drsquoentreprise-de-et-grand-volume/_id:54/,0,0,0.00,0,714000000,"[35,54,42,81,54,54,54,54,54,42,100,81]",1585537228,"Instant answer, Image pack, Site links, Video, Video Carousel"
faire ses propres steaks hachés,64,64,140,78.66,0.00,http://www.europastry.com/download/comunicacionfr/14/1246/1267489975/3932292/cms/panburger+fr.pdf/,0,0,0.00,0.83,381000,"[82,100,82,41,100,100,53,65,65,100,82,65]",1584021573,"Image pack, Reviews, Image, Video Carousel, People also ask"
nouveau kit kat,80,80,140,88.93,0.00,http://www.europastry.com/fr_FR/nouvelles/europastry-mise-sur-de-nouveaux-co-brandings-avec-des-marques-phares-comme-nutella-et-kitkat/_id:189/,0,0,0.00,0.94,2270000,"[8,19,19,12,100,8,5,7,66,29,15,12]",1583508258,"Image pack, Site links, Reviews, Video, Shopping ads, Video Carousel"
acheter du pain,70,70,140,81.82,0.30,http://www.europastry.com/fr/produits/#!pain-cristal/_producto:976g3f1/,0,0,0.00,0.03,49600000,"[53,82,65,82,65,82,82,100,82,82,53,100]",1584475218,"Local pack, Image pack, Site links, Reviews, Image"
acheter pate a croissant,97,97,140,84.77,0.28,http://www.europastry.com/fr_FR/produits/,0,0,0.00,1,1980000,"[23,18,23,23,13,18,18,28,54,100,67,100]",1585172606,"Image pack, Image, Video Carousel"
pain cristal,1,1,140,73.32,0.00,http://www.europastry.com/fr/produits/#!pain-cristal/_producto:976g3f1/,65,13.13,0.00,0.02,13100000,"[16,28,44,28,53,81,100,53,34,22,44,44]",1584784746,"Image pack, Image"
produits espagnols en ligne,72,72,110,53.89,0.25,http://www.europastry.com/fr_FR/produits/,0,0,0.00,0.52,0,"[33,43,43,33,52,43,67,81,52,52,100,67]",1583266523,"Site links, Reviews, Featured snippet"
pain hamburger noir,51,51,110,81.48,0.00,http://www.europastry.com/fr/produits/#!pain-hamburger-au-sesame/_producto:536g81f1/fr/produits/#!pain-hamburger-au-malt/_producto:537g81f1/fr/produits/#!pain-hamburger-rustique/_producto:538g81f1/fr/produits/#!pain-hamburger/_producto:88g81f1/,0,0,0.00,0.59,31000000,"[35,27,27,35,35,42,42,35,54,100,54,54]",1583955199,"Image pack, Reviews, Image, Video Carousel"
viennoiserie danoise,44,44,110,68.88,0.00,http://www.europastry.com/fr_FR/produits/,0,0,0.00,0.01,15900,"[12,8,12,35,35,35,42,81,100,65,65,42]",1585352454,"Knowledge panel, Site links, Image, Video Carousel"
caprice chocolat,32,32,110,70.18,0.00,http://www.europastry.com/fr/produits/#!croissant-paris-chocolat-caprice/_producto:498s50g15f2/,0,0,0.00,0.56,1310000,"[43,43,67,43,33,33,52,52,67,81,100,52]",1585123323,"Local pack, Image pack, Site links, Image, Video Carousel, FAQ"
mini beurre,54,54,110,77.81,0.35,http://www.europastry.com/fr/produits/#!mini-croissant-beurre/_producto:434g17f2/,0,0,0.00,0.71,31400000,"[53,53,41,53,65,53,65,65,65,82,100,100]",1585378873,"Image pack, Image, Video Carousel"
kit kat nouveau,87,87,110,87,0.00,http://www.europastry.com/fr_FR/nouvelles/europastry-mise-sur-de-nouveaux-co-brandings-avec-des-marques-phares-comme-nutella-et-kitkat/_id:189/,0,0,0.00,0.75,2190000,"[19,35,27,100,27,15,15,81,54,65,35,35]",1584917998,"Image pack, Site links, Video, Image, Video Carousel"
mini pain hamburger surgelé,47,47,110,76.31,0.67,http://www.europastry.com/fr_FR/nouvelles/europastry-lance-de-nouveaux-produits-elargissant-son-portefeuille-de-pains-faonnes/_id:58/,0,0,0.00,0.99,702000,"[67,67,67,100,43,52,43,24,43,67,100,19]",1584162142,"Image pack, Site links, Reviews, Video, Image, AdWords top, Shopping ads"
start up food,85,85,110,73.99,0.65,http://www.europastry.com/fr_FR/nouvelles/connecting-food-start-up-laureate-du-concours-drsquoinnovation-baking-the-future-challenge/_id:212/,0,0,0.00,0.03,7360000000,"[54,54,42,42,42,35,35,27,42,54,42,100]",1583769754,"Image pack, Site links, Video, Video Carousel"
nouvelles en ligne,86,86,110,71.77,0.00,http://www.europastry.com/fr_FR/nouvelles/europastry-mise-sur-le-pain-a-hamburger-premium-avec-une-nouvelle-ligne-a-vallmoll/_id:204/,0,0,0.00,0.04,396000000,"[65,65,65,82,100,65,53,53,53,65,53,65]",1583357274,"Site links, Video Carousel"
compras online,91,91,110,58.85,1.40,https://pedidosonline.europastry.com/,0,0,0.00,0.61,1010000000,"[100,65,53,53,82,65,53,53,82,65,65,53]",1583938333,"Image pack, Site links"
www caprice shopping fr,27,27,90,66.2,0.00,http://www.europastry.com/fr/produits/#!viennoiserie-caprice/_gama:15f2/,0,0,0.00,0,7620000,"[100,0,20,0,0,0,0,0,20,0,0,20]",1585055367,"Image pack, Video"
sualba,1,1,90,68.93,0.00,http://www.europastry.com/fr_FR/nouvelles/europastry-achete-la-societe-sualba-specialisee-dans-lrsquoelaboration-et-la-distribution-de-pain-et-de-patisseries/_id:62/,42,8.48,0.00,0,382000,"[0,14,0,0,0,100,0,14,43,0,14,14]",1584219746,"Knowledge panel, Image pack, Video"
mini quiche asperge,89,89,90,86.19,0.00,http://www.europastry.com/fr/produits/#!quiches/_gama:78f3/,0,0,0.00,0.1,723000,"[11,11,100,11,22,11,11,11,11,11,11,78]",1583672818,"Reviews, Image, Video Carousel"
08174 sant cugat del vallès barcelona,79,79,90,82.59,0.00,http://www.europastry.com/,0,0,0.00,0,82,"[67,100,33,0,33,33,0,0,33,33,0,0]",1583938421,"Knowledge panel, Image pack, Reviews"
tartelette au chocolat et nestlé,26,26,90,68.83,0.00,http://www.europastry.com/fr_FR/nouvelles/europastry-sassocie-a-nestle-pour-creer-la-nouvelle-tartelette-avec-kitkat-unique-en-son-genre-sur-le-marche/_id:183/,0,0,0.00,0,75,"[0,0,0,0,0,50,100,0,0,50,0,0]",1584093625,"Image pack, Reviews, Image, Video Carousel"
malt pain,93,93,90,65.4,0.00,http://www.europastry.com/fr/produits/#!pain-hamburger-au-sesame/_producto:536g81f1/fr/produits/#!pain-hamburger-au-malt/_producto:537g81f1/fr/produits/#!pain-hamburger-rustique/_producto:538g81f1/fr/produits/#!pain-hamburger/_producto:88g81f1/,0,0,0.00,0,11100000,"[20,20,20,40,40,20,60,40,100,20,20,20]",1584014625,"Image pack, Reviews, Image, Video Carousel"
american croissant,90,90,90,75.03,0.00,http://www.europastry.com/en_GB/products/,0,0,0.00,0,165000000,"[20,20,20,20,20,60,100,20,80,40,60,20]",1585008070,"Image pack, Site links, Image, Video Carousel"
hot pocket jambon fromage,44,44,90,74.38,0.00,http://www.europastry.com/download/comunicacionfr/16/1257/934831206/2128335/cms/snacks.pdf/,0,0,0.00,0.02,99,"[11,22,56,33,11,100,11,11,11,22,33,78]",1585296326,"Image pack, Video, Image"
pain rock,24,24,90,75.62,0.00,http://www.europastry.com/fr/produits/#!mini-pain-rock-roll/_producto:1136s12g11f1/,0,0,0.00,0,1430000000,"[100,43,57,29,29,43,29,14,14,14,14,14]",1583513913,"Image pack, Site links, Reviews, Featured video, Image, Video Carousel"
tarte gr,95,95,90,74.23,0.00,http://www.europastry.com/fr/produits/#!tarte-aux-pommes/_producto:262g22f2/fr/produits/#!chausson-aux-pommes-beurre/_producto:263g22f2/fr/produits/#!pain-aux-raisins/_producto:299g22f2/,0,0,0.00,0,10400000,"[33,0,0,0,33,33,33,100,0,67,67,0]",1584032375,"Image pack, Reviews, Video, Image, Video Carousel"
croissant margarine ou beurre,50,50,90,72.44,0.00,http://www.europastry.com/fr/produits/#!croissants/_gama:16f2/,0,0,0.00,0.07,187000,"[50,25,50,25,25,25,75,25,100,25,25,25]",1583519266,"Reviews, Featured snippet, Image, Video Carousel"
caprice au chocolat,31,31,90,70.69,0.00,http://www.europastry.com/fr/produits/#!viennoiserie-caprice/_gama:15f2/,0,0,0.00,0.43,1380000,"[14,29,100,43,14,29,14,14,71,14,14,14]",1584486207,"Image pack, Site links, Reviews, Image, Video Carousel"
parischocolat com,63,63,90,71.76,0.00,http://www.europastry.com/fr/produits/#!super-croissant-paris-chocolat-caprice/_producto:527s50g15f2/fr/produits/#!croissant-aux-cereales-caprice/_producto:224s50g15f2/,0,0,0.00,0.07,261000,"[40,0,0,20,0,0,0,20,60,100,0,20]",1585306762,"Image pack, Site links"
esade barcelone prix,59,59,90,73.13,1.87,http://www.europastry.com/fr_FR/nouvelles/europastry-ont-reu-les-prix-acg-barcelona-2015-pour-les-meilleures-operations-drsquoentreprise-de-et-grand-volume/_id:54/,0,0,0.00,0.27,65,"[67,33,33,67,33,100,33,33,33,0,33,100]",1585506727,"Image pack, Site links, Featured snippet, FAQ"
croissant bread maker,61,61,90,66.53,0.00,http://www.europastry.com/download/comunicacionen/11/1229/157865218/3766709/cms/caprice.pdf/,0,0,0.00,0,2920000,"[0,0,0,0,0,0,0,0,0,0,0,100]",1584057611,"Image pack, Reviews, Image, Video Carousel"
productos nocilla,73,73,90,64.45,0.00,http://www.europastry.com/es_ES/noticias/europastry-presenta-el-nuevo-croissant-relleno-de-nocilla/_id:23/,0,0,0.00,0.29,1850000,"[0,100,0,0,0,0,0,100,0,0,100,100]",1584245214,"Image pack, Reviews, Video, Featured snippet"
nazca investment,77,77,90,51.39,0.00,http://www.europastry.com/fr_FR/nouvelles/europastry-sells-its-retail-division-to-the-nazca-venture-capital-fund/_id:7/,0,0,0.00,0,1140000,"[33,0,33,0,0,0,100,33,0,0,0,33]",1583733879,"Image pack, Site links, Reviews"
big muffin,12,12,90,68.24,0.00,http://www.europastry.com/fr/produits/#!big-muffin-tulipe-muesli/_producto:746s34g33f4/fr/produits/#!mini-tulipe-nocilla/_producto:525s34g33f4/fr/produits/#!muffin-tulipe-pepites-chocolat/_producto:476s34g33f4/fr/produits/#!delitulipe-musique/_producto:1082s53g33f4/,1,0.2,0.00,0.03,151000000,"[14,14,100,14,43,57,14,14,14,14,14,14]",1584993835,"Image pack, Video, Image, Video Carousel"
omega saint honoré,57,57,90,88.96,0.00,http://www.europastry.com/fr/produits/#!sante-omega-3/_producto:84s70g14f1/,0,0,0.00,0.04,2590000,"[82,100,82,82,100,100,82,82,100,100,82,64]",1584791981,"Knowledge panel, Image pack, Video"
synonyme de hamburger,19,19,90,89.71,0.00,http://www.europastry.com/fr_FR/nouvelles/europastry-elargit-son-eventail-de-pains-de-hamburger-avec-une-nouvelle-gamme-de-panburger/_id:64/,0,0,0.00,0,490000,"[14,43,14,14,29,14,14,14,14,14,14,100]",1584039487,"Site links, Reviews, Video, Featured snippet, Image"
anniversaire boulanger 2017,95,95,90,67.68,0.00,http://www.europastry.com/fr_FR/nouvelles/europastry-celebre-son-30e-anniversaire-en-depassant-les-560-millions-drsquoeuros-de-chiffre-drsquoaffaires/_id:74/,0,0,0.00,0,4990000,"[0,0,0,0,0,0,0,0,0,0,100,0]",1584069152,"Image pack, Reviews"
baguette de pain espagnol,38,38,90,86.74,0.00,http://www.europastry.com/fr/produits/#!pain-cristal/_producto:976g3f1/,0,0,0.00,0,97,"[0,0,0,0,0,0,20,20,20,20,20,100]",1584627156,"Instant answer, Image pack, Site links, Reviews, Image, Video Carousel"
mini pasteis de nata,18,18,90,81.42,0.00,http://www.europastry.com/fr/produits/#!mini-pasteis-de-nata/_producto:459f5/,0,0,0.00,0.18,231000,"[33,33,33,67,33,100,33,67,33,33,33,33]",1583321480,"Image pack, Reviews, Image, Video Carousel"
napolitain noir,72,72,90,68.84,0.00,http://www.europastry.com/fr/produits/#!midi-napolitain-dark-pac/_producto:247g20f2/fr/produits/#!midi-napolitain-a-la-creme-pac/_producto:246g20f2/fr/produits/#!napolitain-a-la-creme-pac/_producto:244g20f2/fr/produits/#!napolitain-noir-pac/_producto:245g20f2/,0,0,0.00,0.97,953000,"[43,14,100,14,0,14,14,14,14,14,14,71]",1583906975,"Image pack, Reviews, Video, Image"
oignon frit hamburger,96,96,90,72.73,0.00,http://www.europastry.com/download/comunicacionfr/14/1246/1267489975/3932292/cms/panburger+fr.pdf/,0,0,0.00,0.41,3170000,"[29,100,14,14,14,14,14,29,43,71,14,14]",1583184885,"Image pack, Reviews, Image, Video Carousel"
mini chocolate croissant,29,29,90,63.22,0.00,http://www.europastry.com/download/comunicacionen/11/1229/157865218/3766709/cms/caprice.pdf/,0,0,0.00,0,12700000,"[33,0,0,0,33,0,33,33,67,67,100,0]",1583709414,"Image pack, Reviews, Image, Video Carousel"
europastry rubi,1,1,90,65.44,0.00,http://www.europastry.com/,72,14.54,0.00,0,87,"[100,20,20,20,100,20,80,20,20,20,100,20]",1584036064,"Knowledge panel, Image pack, Reviews, Video"
europastry rubi,2,2,90,65.44,0.00,http://www.europastry.com/es_ES/contacto-delegaciones/,2,0.4,0.00,0,87,"[100,20,20,20,100,20,80,20,20,20,100,20]",1584036064,"Knowledge panel, Image pack, Reviews, Video"
europastry rubi,3,3,90,65.44,0.00,http://www.europastry.com/es_ES/trabaja-con-nosotros,1,0.2,0.00,0,87,"[100,20,20,20,100,20,80,20,20,20,100,20]",1584036064,"Knowledge panel, Image pack, Reviews, Video"
pâtes surgelées restauration,32,32,90,56.44,0.00,http://www.europastry.com/fr_FR/nouvelles/europastry-elargit-sa-gamme-de-hors-doeliguvre-sales/_id:61/,0,0,0.00,0.74,302000,"[11,11,11,11,11,11,11,56,11,56,11,100]",1583896979,"Image pack, Reviews, Video, AdWords bottom"
processus de production de poudre d oignon pdf,27,27,90,59.48,0.00,http://www.europastry.com/download/comunicacionfr/14/1246/1267489975/3932292/cms/panburger+fr.pdf/,0,0,0.00,0,142000,"[0,0,0,80,100,0,20,0,40,0,0,0]",1583824259,"Image pack, Video"
chocolat croissant,66,66,90,84.18,0.00,http://www.europastry.com/fr/produits/#!super-croissant-paris-chocolat-caprice/_producto:527s50g15f2/fr/produits/#!croissant-aux-cereales-caprice/_producto:224s50g15f2/,0,0,0.00,0.54,14200000,"[11,56,100,11,33,11,33,11,33,11,11,22]",1584309726,"Knowledge panel, Reviews, Image, Video Carousel"
caprice definition francais,93,93,90,93.33,0.00,http://www.europastry.com/fr/produits/#!viennoiserie-caprice/_gama:15f2/,0,0,0.00,0,1340000,"[43,14,14,71,14,0,0,100,14,71,14,14]",1583262918,"Instant answer, Site links, Reviews, Video Carousel"
hamburger fabrication,29,29,90,87.34,0.00,http://www.europastry.com/download/comunicacionfr/14/1246/1267489975/3932292/cms/panburger+fr.pdf/,0,0,0.00,0,1660000,"[100,0,20,0,0,0,20,0,40,0,60,20]",1585321296,"Image pack, Video, Image, FAQ"
burger synonyme,18,18,90,84.18,0.00,http://www.europastry.com/fr_FR/nouvelles/europastry-elargit-son-eventail-de-pains-de-hamburger-avec-une-nouvelle-gamme-de-panburger/_id:64/,0,0,0.00,0,459000,"[20,20,20,20,100,20,20,40,60,20,20,20]",1585405191,"Site links, Featured snippet, Image"
chocolate sticks for croissants,82,82,90,51.17,0.00,http://www.europastry.com/download/comunicacionfr/11/1231/934831206/3766709/cms/caprice.pdf/,0,0,0.00,0,67000000,"[0,0,0,50,0,0,0,100,0,50,100,0]",1585195123,"Image pack, Video, Featured snippet, Image, Shopping ads"
cuban roll,44,44,70,68.29,0.00,http://www.europastry.com/us/en/product-detail/cuban-sliced-sandwich-roll-3x6/_id:292/,0,0,0.00,0.01,70900000,"[40,60,100,100,20,60,100,20,80,20,60,20]",1583349830,"Image pack, Site links, Reviews, Video, Image, Video Carousel"
mini bretzel,12,12,70,72.7,0.00,http://www.europastry.com/fr/produits/#!mini-bretzel/_producto:1143g22f2/,0,0,0.00,0.89,734000,"[28,5,3,10,3,3,3,3,82,3,100,3]",1584281060,"Image pack, Site links, Reviews, Image, Video Carousel"
europastry sa,1,1,70,72.97,0.00,http://www.europastry.com/,56,11.31,0.00,0,93,"[14,29,14,43,14,14,43,14,14,14,14,100]",1584433345,"Local pack, Image pack, Site links"
chocolat au caprice,28,28,70,68.6,0.00,http://www.europastry.com/fr/produits/#!super-croissant-paris-chocolat-caprice/_producto:527s50g15f2/fr/produits/#!croissant-aux-cereales-caprice/_producto:224s50g15f2/,0,0,0.00,0.17,2160000,"[40,20,20,20,20,20,20,0,100,0,60,40]",1583487152,"Knowledge panel, Image pack, Site links, Reviews, Image"
como descongelar una cerveza,35,35,70,58.26,0.00,http://www.europastry.com/es/productos/#!pan-de-cerveza/_producto:803g65f1/,0,0,0.00,0,442000,"[0,0,0,0,0,0,100,0,0,0,0,0]",1585025958,"Image pack, Featured snippet, Image, Video Carousel, People also ask"
pain hamburger bio,19,19,70,72.06,0.17,http://www.europastry.com/fr/produits/#!pain-hamburger-cristal-bio/_producto:1053g85f1/,0,0,0.00,1,2500000,"[11,11,100,11,11,11,11,11,22,11,11,33]",1584889197,"Image pack, Image"
pain a hot dog en gros,58,58,70,69.16,0.00,http://www.europastry.com/fr_FR/nouvelles/europastry-lance-de-nouveaux-produits-elargissant-son-portefeuille-de-pains-faonnes/_id:58/,0,0,0.00,0.81,2310000,"[29,29,100,14,14,14,14,0,0,14,14,14]",1583622678,"Image pack, Reviews, Image, Video Carousel"
baguette pizza thon,67,67,70,73.17,0.00,http://www.europastry.com/download/comunicacionfr/16/1257/934831206/2128335/cms/snacks.pdf/,0,0,0.00,0,541000,"[25,75,100,25,25,75,25,25,50,25,25,75]",1585170135,"Image pack, Video, Image, Video Carousel"
palm oil omega,41,50,70,72.5,0.00,http://www.europastry.com/en_GB/news/europastry-launches-a-new-range-of-palm-oil-free-dots/_id:180/,0,0,0.00,0,10500000,"[0,0,0,0,0,0,0,0,100,0,0,0]",1585578819,"Image pack, Site links"
proteinas del pan,85,85,70,51.6,0.00,https://pedidosonline.europastry.com/ecommerce/ficha/67620,0,0,0.00,0.07,34100000,"[14,14,100,71,0,0,14,0,57,14,29,14]",1585098266,"Instant answer, Knowledge panel, People also ask"
pain panini fournisseur,46,46,70,63.81,0.00,http://www.europastry.com/fr_FR/produits/,0,0,0.00,0.52,86,"[14,100,14,14,14,29,14,29,0,14,14,57]",1585481211,"Image pack, Featured snippet, Image"
tarte au nestlé,42,42,70,79.9,0.00,http://www.europastry.com/fr_FR/nouvelles/europastry-sassocie-a-nestle-pour-creer-la-nouvelle-tartelette-avec-kitkat-unique-en-son-genre-sur-le-marche/_id:183/,0,0,0.00,0,79,"[14,14,71,57,14,14,0,0,0,100,100,14]",1585321236,"Image pack, Video, Image, Video Carousel"
marque kit kat,82,82,70,76.94,0.00,http://www.europastry.com/fr_FR/nouvelles/europastry-sassocie-a-nestle-pour-creer-la-nouvelle-tartelette-avec-kitkat-unique-en-son-genre-sur-le-marche/_id:183/,0,0,0.00,0.44,1490000,"[100,14,14,29,14,14,14,14,43,100,14,14]",1583346270,"Knowledge panel, Reviews, Featured snippet, Shopping ads"
coupe cristallin,53,53,70,74.07,0.00,http://www.europastry.com/download/comunicacionfr/12/1234/934831206/3110647/cms/cristallin+_fr.pdf/,0,0,0.00,0,315000,"[100,11,11,11,22,0,22,11,11,11,44,11]",1584705561,"Image pack, Video Carousel"
mixto con huevo,65,65,70,46.8,0.00,https://pedidosonline.europastry.com/ecommerce/ficha/67041,0,0,0.00,0,23000000,"[75,25,25,0,0,100,25,75,0,25,0,0]",1584160526,"Knowledge panel, Reviews, Image, Video Carousel"
ao baking,32,32,70,82.84,0.00,http://www.europastry.com/fr_FR/nouvelles/le-concours-dinnovation-baking-the-future-challenge-arrive-a-son-terme/_id:211/,0,0,0.00,0,276000000,"[33,67,67,100,0,0,33,0,0,0,100,100]",1584101243,"Image pack, Reviews, Image, Video Carousel"
laitue jukebox,49,49,70,80,0.00,http://www.europastry.com/download/comunicacionfr/21/1343/334424676/973882/cms/rockandroll_fr.pdf/,0,0,0.00,0.29,94,"[14,29,29,14,43,57,0,14,14,43,100,14]",1583336680,"Image pack, Site links, Reviews, Video Carousel"
hamburger brie oignon caramélisé,27,27,70,70.82,0.00,http://www.europastry.com/download/comunicacionfr/14/1246/1267489975/3932292/cms/panburger+fr.pdf/,0,0,0.00,0.04,737000,"[0,0,0,0,0,29,0,14,14,14,14,100]",1584512441,"Image pack, Site links, Reviews, Image"
naissance du hamburger,73,73,70,78.2,0.00,http://www.europastry.com/download/comunicacionfr/14/1246/1267489975/3932292/cms/panburger+fr.pdf/,0,0,0.00,0,640000,"[44,11,11,11,11,44,100,11,11,11,78,44]",1583492451,"Site links, Reviews, Featured snippet, Image, Video Carousel, People also ask"
chiffre d affaire fila 2017,31,31,70,83.69,0.00,http://www.europastry.com/fr_FR/nouvelles/europastry-celebre-son-30e-anniversaire-en-depassant-les-560-millions-drsquoeuros-de-chiffre-drsquoaffaires/_id:74/,0,0,0.00,0,3660000,"[0,0,50,50,100,50,50,50,0,50,0,50]",1583803579,"Image pack, Featured snippet"
one million dots,70,58,70,69.73,0.00,http://www.europastry.com/en_GB/news/europastru-sells-more-than-300-million-doughnut-dots-in-2011-15-more-than-in-the-previous-year/_id:40/,0,0,0.00,0,85000000,"[14,14,0,14,43,71,100,0,0,0,0,0]",1585566347,"Image pack, Video Carousel"
eshob,73,73,70,78.06,0.00,http://www.europastry.com/es_ES/noticias/la-tostadita-santa-teresa-receta-ganadora-del-18-concurso-de-bocadillos-rockroll-de-fripan-y-eshob/_id:186/,0,0,0.00,0,154000,"[33,33,100,100,33,33,33,33,100,33,67,67]",1583712882,"Knowledge panel, Image pack, Site links, Video, Video Carousel"
pan rustique,39,39,70,70.99,0.00,http://www.europastry.com/fr/produits/#!saint-honore/_gama:47f1/,0,0,0.00,0,4730000,"[0,0,100,0,0,0,0,0,0,0,0,0]",1583970642,"Image pack, Reviews, Image, Video Carousel"
seymour buns,73,73,70,79.93,0.00,http://www.europastry.com/download/comunicacionnl/20/1244/1841397178/3968370/cms/panburger.pdf/,0,0,0.00,0,2320000,"[14,71,14,29,14,14,29,100,14,14,14,0]",1584499893,"Image pack, Site links, Reviews, Image"
extreme au chocolat,57,57,70,79.06,0.00,http://www.europastry.com/fr/produits/#!muffin-tulipe-chocolat-extreme-sans-fourre/_producto:475s34g33f4/fr/produits/#!big-muffin-tulipe-choco/_producto:722s34g33f4/fr/produits/#!assortiment-mini-muffin-tulipes/_producto:188s34g33f4/,0,0,0.00,0.68,10900000,"[14,57,14,14,14,43,14,100,14,14,14,71]",1583919070,"Image pack, Reviews, Video, Image, Video Carousel"
fournisseur pain surgelé,49,49,70,63.43,0.60,http://www.europastry.com/fr_FR/nouvelles/europastry-lance-de-nouveaux-produits-elargissant-son-portefeuille-de-pains-faonnes/_id:58/,0,0,0.00,0.97,96,"[100,11,11,11,11,11,22,11,11,11,11,11]",1584069133,"Image pack, Site links, Reviews"
muffin tulipe,6,6,70,69.62,0.00,http://www.europastry.com/fr/produits/#!muffin-tulipe-yaourt-et-cranberry/_producto:184s34g33f4/,3,0.6,0.00,0.3,69800,"[14,43,14,14,14,29,57,100,14,29,14,100]",1584065092,"Image pack, Reviews, Featured snippet, Image, Video Carousel"
muffin au cranberry,97,97,70,72.31,0.00,http://www.europastry.com/fr/produits/#!muffin-tulipe-yaourt-et-cranberry/_producto:184s34g33f4/,0,0,0.00,0.01,32500000,"[20,20,100,20,20,20,60,20,60,20,20,20]",1583083422,"Image pack, Reviews, Image, Video Carousel"
fournisseur produits portugais,52,52,70,61.86,0.00,http://www.europastry.com/fr_FR/produits/,0,0,0.00,0.21,15900000,"[22,100,22,22,11,11,22,11,56,11,11,11]",1584162411,"Local pack, Image pack, Reviews"
petit pain pour sandwich,75,62,70,77.09,0.00,http://www.europastry.com/fr/produits/#!petit-pain-sandwich-cristal/_producto:961s12g11f1/,0,0,0.00,0.95,43800000,"[100,11,100,22,11,11,11,11,100,22,78,56]",1585548725,"Image pack, Image, Video Carousel"
chocolate croissant paris,22,22,70,77.61,0.00,http://www.europastry.com/fr/produits/#!super-croissant-paris-chocolat-caprice/_producto:527s50g15f2/fr/produits/#!croissant-aux-cereales-caprice/_producto:224s50g15f2/,0,0,0.00,0,4760000,"[11,0,11,100,11,56,100,44,11,11,78,11]",1583933023,"Local pack, Image pack, Reviews, Image, Video Carousel"
petits gateaux espagnols,58,52,70,88.55,0.00,http://www.europastry.com/fr_FR/produits/,0,0,0.00,0.86,3120000,"[20,20,60,40,20,20,20,20,100,80,20,20]",1585529926,"Image pack, Image, Video Carousel"
rhf 40,55,55,70,69.18,0.00,http://www.europastry.com/fr/produits/#!croissants-mini/_subgama:19g16f2/,0,0,0.00,0,12200000,"[0,0,0,0,0,100,0,100,0,0,0,0]",1584370826,"Image pack, Reviews"
kitkat recruitment,48,48,70,58.22,0.00,http://www.europastry.com/en_GB/news/europastry-and-nestle-join-forces-to-create-the-a-tartlet-with-kitkat-a-unique-market-innovation/_id:183/,0,0,0.00,0,1220000,"[0,0,0,0,25,0,0,100,0,0,0,0]",1584295868,"Image pack, Video"
croissant cereal,12,12,70,59.27,0.00,http://www.europastry.com/fr/produits/#!mini-croissant-cereales-beurre/_producto:436s17g16f2/,0,0,0.00,0.69,30400000,"[100,0,0,20,60,20,20,20,20,0,80,40]",1583626902,"Image pack, Reviews, Featured snippet, Image, Video Carousel"
bizcocho manzana y canela,64,64,70,57.19,0.00,https://pedidosonline.europastry.com/ecommerce/ficha/66440,0,0,0.00,0,2030000,"[100,0,100,100,100,0,0,100,0,0,100,100]",1584158274,"Image pack, Reviews, Image, Video Carousel"
pain a hamburger noir,72,72,70,74.2,0.00,http://www.europastry.com/fr_FR/nouvelles/europastry-elargit-son-eventail-de-pains-de-hamburger-avec-une-nouvelle-gamme-de-panburger/_id:64/,0,0,0.00,0.7,31500000,"[40,60,40,100,20,40,100,20,20,60,20,40]",1583107628,"Image pack, Reviews, Image, Video Carousel"
recette croissant bicolore pdf,27,0,70,64.72,0.00,http://www.europastry.com/download/catalogfr/10/1844/332493493/3237312/cms/fld+europastry_frances.pdf/,0,0,0.00,0,35,"[0,0,0,0,0,0,0,0,0,0,100,100]",1585533747,"Image pack, Video, Image, Video Carousel"
confeitaria,61,61,70,68.91,0.00,http://www.europastry.com/fr_FR/nouvelles/europastry-renforce-son-engagement-a-la-fabrication-artisanale-avec-lrsquoachat-de-confeitaria-torres-au-portugal/_id:169/,0,0,0.00,0.03,22800000,"[5,19,5,10,14,67,5,5,10,19,5,100]",1584237920,"Knowledge panel, Local pack, Image pack, Site links, Reviews, Video, Video Carousel, FAQ"
donuts dots,12,12,70,37.41,0.00,http://www.europastry.com/us/en/products/dots/_ic:6/,0,0,0.00,0.63,15900000,"[0,100,40,20,20,20,20,20,40,0,100,40]",1583249919,"Image pack, Reviews, Video Carousel"
pasteis de nata sans gluten,96,96,70,64.96,0.00,http://www.europastry.com/fr/produits/#!pasteis-de-nata-cuit-ts/_producto:596f5/,0,0,0.00,0.26,264000,"[100,33,33,33,33,100,33,33,33,100,33,33]",1583205098,"Image pack, Reviews, Video, Image"
recette gaufre américaine,73,73,70,80.63,0.00,http://www.europastry.com/download/comunicacionfr/10/1135/934831206/1978503/cms/gofrissimo+brochure_fr.pdf/,0,0,0.00,0,59200,"[100,20,60,20,20,20,20,20,40,40,20,20]",1583172009,"Image pack, Reviews, Image, Video Carousel"
croissant portugais recette,58,58,70,77.36,0.00,http://www.europastry.com/fr_FR/produits/,0,0,0.00,0,89,"[100,20,40,20,20,20,20,20,100,100,80,40]",1585501411,"Image pack, Image, Video Carousel"
chocolate filled croissant,83,83,50,58.53,0.00,http://www.europastry.com/download/comunicacionfr/11/1231/934831206/3766709/cms/caprice.pdf/,0,0,0.00,0,15000000,"[14,14,71,0,14,43,100,14,14,14,43,14]",1585483311,"Image pack, Image, Video Carousel"
knot & grain,61,61,50,69.35,0.00,http://www.europastry.com/us/en/product-detail/white-whole-wheat-knot-rolls/_id:399/,0,0,0.00,0,27200000,"[0,0,100,11,0,0,0,0,0,33,0,0]",1583961997,"Image pack, Site links, Reviews, Video, Video Carousel"
on a 12 croissants et 18 pains au chocolat,63,63,50,75.86,0.00,http://www.europastry.com/download/comunicacionen/11/1229/157865218/3766709/cms/caprice.pdf/,0,0,0.00,0,7770000,"[5,19,10,24,33,5,5,5,5,100,5,5]",1583370308,"Site links, Reviews, Video, Image, Video Carousel"
gaufre a poche,66,66,50,89.87,0.00,http://www.europastry.com/fr/produits/#!poches-multiproduits/_gama:74f7/,0,0,0.00,0.38,204000,"[11,11,33,22,33,11,100,11,78,11,11,11]",1584280816,"Knowledge panel, Site links, Reviews, Video, Image"
artisanat du portugal,96,96,50,59.25,0.00,http://www.europastry.com/fr_FR/nouvelles/europastry-renforce-son-engagement-a-la-fabrication-artisanale-avec-lrsquoachat-de-confeitaria-torres-au-portugal/_id:169/,0,0,0.00,0,0,"[60,20,20,20,100,20,20,20,40,20,60,20]",1583281822,"Image pack, Reviews, Video Carousel"
mini quiche cases,51,51,50,78.13,0.00,http://www.europastry.com/download/comunicacionen/13/746/62420458/2190360/cms/quiches+catalogue_2017.pdf/,0,0,0.00,0,4870000,"[0,0,0,50,0,0,100,0,0,0,0,0]",1585217068,"Image pack, Site links, Video, Image, Shopping ads"
fournisseur pain hot dog,29,29,50,62.63,0.44,http://www.europastry.com/fr_FR/nouvelles/europastry-lance-de-nouveaux-produits-elargissant-son-portefeuille-de-pains-faonnes/_id:58/,0,0,0.00,0.7,106000,"[25,50,50,25,25,25,100,25,25,50,25,25]",1584813581,"Image, AdWords bottom"
pizza rustique,30,30,50,66.07,0.00,http://www.europastry.com/fr/produits/#!base-a-pizza-rustique/_producto:1146g77f7/,0,0,0.00,0.01,1180000,"[20,20,20,40,20,60,100,20,20,20,20,40]",1585454013,"Local pack, Image pack, Image, Video Carousel, FAQ"
kit kat nutella,14,14,50,74.36,0.00,http://www.europastry.com/fr_FR/nouvelles/europastry-mise-sur-de-nouveaux-co-brandings-avec-des-marques-phares-comme-nutella-et-kitkat/_id:189/,0,0,0.00,0.43,5360000,"[100,20,40,20,0,20,20,20,20,0,20,20]",1585234909,"Image pack, Image, Video Carousel"
buffet viennoiserie,35,35,50,79.2,0.00,http://www.europastry.com/fr/produits/#!viennoiserie-caprice/_gama:15f2/,0,0,0.00,0.24,5100000,"[100,33,100,33,33,33,33,67,33,33,67,67]",1584161229,"Image pack, Reviews, Video Carousel"
cadre foret noire,4,4,50,63.13,0.00,http://www.europastry.com/fr/produits/#!cadre-foret-noire/_producto:397s43g42f8/,3,0.6,0.00,1,9510000,"[20,20,100,40,20,40,40,60,20,20,100,20]",1585317815,"Image pack, Video, Image, FAQ"
bocadillo jamon y queso,44,44,50,69.15,0.00,https://pedidosonline.europastry.com/ecommerce/ficha/90265,0,0,0.00,0,25500000,"[50,50,100,50,50,50,50,50,0,0,50,50]",1585072738,"Image pack, Image, Video Carousel"
garniture croissant sucré,77,77,50,75.1,0.00,http://www.europastry.com/download/catalogfr/11/2045/332493493/3650757/cms/printemps.pdf/,0,0,0.00,0,494000,"[20,20,100,40,60,80,60,80,60,20,20,60]",1583130069,"Image pack, Reviews, Video, Image"
mini feuilleté de saint flour,24,24,50,73.24,0.00,http://www.europastry.com/download/catalogfr/7/1086/48192140/2655740/cms/r_sum__nouveaut_s+_t_+2017.pdf/,0,0,0.00,0,45,"[100,0,0,0,0,0,0,0,0,0,0,0]",1583127851,"Image pack, Reviews, Video, Image"
brioche style bun,34,34,50,51.79,0.00,http://www.europastry.com/en_US/news/our-new-vegan-brioche-style-buns-will-stop-you-in-your-tracks/_id:185/,0,0,0.00,0,30000000,"[0,0,0,0,0,0,100,0,0,0,0,100]",1583955803,"Image pack, Site links, Reviews, Image, Video Carousel"
rustique bakery,58,58,50,66.13,0.00,http://www.europastry.com/fr/produits/#!mini-ficelle-rustique/_producto:112s64g7f1/,0,0,0.00,0,8120000,"[0,0,100,0,0,0,0,0,0,33,0,0]",1584159239,"Local pack, Image pack, Site links, Reviews, Image, Video Carousel, FAQ"
muji sacramento,60,60,50,78.03,0.00,https://pedidosonline.europastry.com/ecommerce/catalogo/2_23-fermentar_y_cocer/3,0,0,0.00,0.24,1080000,"[20,20,100,20,20,40,40,20,60,100,20,20]",1584014325,"Image pack, Site links, Reviews, Video"
pain a garnir,88,88,50,75.32,0.00,http://www.europastry.com/fr_FR/nouvelles/europastry-lance-de-nouveaux-produits-elargissant-son-portefeuille-de-pains-faonnes/_id:58/,0,0,0.00,0.5,1040000,"[14,14,14,14,71,29,100,14,14,14,100,14]",1584057111,"Image pack, Reviews, Image, Video Carousel"
hot dog pain baguette,89,89,50,75.19,0.00,http://www.europastry.com/fr/produits/#!demi-baguette/_producto:89s12g11f1/,0,0,0.00,0.66,0,"[0,0,0,0,0,0,0,0,0,0,0,100]",1583298079,"Image pack, Reviews, Image, Shopping ads, Video Carousel"
recette bolo de arroz,89,89,50,76.69,0.00,http://www.europastry.com/fr/produits/#!produits-portugais/_familia:5/,0,0,0.00,0,314000,"[14,14,57,14,14,29,100,43,14,14,14,100]",1583665801,"Image pack, Reviews, Image, Video Carousel"
maquette boulangerie,98,98,50,78.95,0.00,http://www.europastry.com/fr_FR/nouvelles/europastry-inaugure-cereal-le-premier-centre-de-rd-sur-les-produits-de-boulangerie-et-patisserie-en-europe/_id:66/,0,0,0.00,0.65,1100000,"[14,100,14,14,14,14,14,14,14,14,57,14]",1583489932,"Image pack, Reviews, Video Carousel"
potato bread hot dog buns,49,49,50,53.22,0.00,http://www.europastry.com/us/en/product-detail/golden-potato-hot-dog-buns/_id:36/,0,0,0.00,0,43400000,"[0,0,0,0,0,0,0,0,0,100,33,0]",1584724426,"Image pack, Reviews, Image, Video Carousel, People also ask"
grand pain,12,12,50,61.42,0.00,http://www.europastry.com/fr/produits/#!pain-cristal/_producto:976g3f1/,0,0,0.00,0,731000000,"[100,14,14,14,57,14,14,14,14,14,29,43]",1585422160,"Local pack, Image pack, Site links, Image, Video Carousel"
mini burger pain de mie,65,65,50,76.78,0.00,http://www.europastry.com/download/comunicacionfr/14/1246/1267489975/3932292/cms/panburger+fr.pdf/,0,0,0.00,0.46,823000,"[11,44,100,33,11,11,11,11,11,11,56,11]",1583102013,"Image pack, Reviews, Video, Image, Video Carousel"
fournisseur de muffins,67,67,50,64.26,0.00,http://www.europastry.com/fr_FR/produits/,0,0,0.00,0,242000,"[0,0,0,0,0,50,0,100,100,25,0,0]",1584925538,"Image pack, Image"
conu com,77,77,50,58.84,0.00,http://www.europastry.com/fr_FR/nouvelles/europastry-lance-un-nouveau-pack-painburger-conu-pour-le-canal-retail/_id:220/,0,0,0.00,0,3770000,"[14,43,14,14,29,43,14,100,14,71,43,14]",1585083504,Video
o with dots,22,22,50,86.44,0.00,http://www.europastry.com/fr/produits/#!dots-fourre-a-la-creme/_producto:158s29g27f4/,0,0,0.00,0,2110000000,"[20,20,100,20,80,20,20,40,20,20,40,100]",1583650113,"Image pack, Site links, Reviews, Video, Featured snippet, People also ask"
plv mode,95,95,50,62.24,0.00,http://www.europastry.com/fr_FR/conseils-plv/_plv:1/,0,0,0.00,0.1,4910000,"[43,71,71,14,14,14,100,14,14,14,29,14]",1583949317,"Image pack, Reviews, People also ask"
basque culinary center empleo,96,0,50,63.15,0.00,http://www.europastry.com/es_ES/noticias/,0,0,0.00,0,100,"[0,0,100,33,0,0,33,67,0,0,0,0]",1585566438,"Image pack, Video, Jobs search, Video Carousel"
hamburger raffiné,53,53,50,83.68,0.00,http://www.europastry.com/fr_FR/nouvelles/europastry-elargit-son-eventail-de-pains-de-hamburger-avec-une-nouvelle-gamme-de-panburger/_id:64/,0,0,0.00,0.07,1480000,"[20,20,20,100,20,20,20,20,40,20,20,40]",1584817442,"Image pack, Video, Image, FAQ"
farine d avoine gout croissant,67,67,50,71.26,0.00,http://www.europastry.com/download/catalogfr/10/1844/126814054/3237312/cms/fld+europastry_frances.pdf/,0,0,0.00,1,78,"[14,14,14,14,14,14,14,14,14,100,71,14]",1584039734,"Image pack, Reviews, Video, Shopping ads"
cake lotus,67,67,50,64.78,0.00,https://pedidosonline.europastry.com/ecommerce/ficha/66295,0,0,0.00,0.68,95100000,"[14,0,100,0,14,14,57,43,29,43,14,14]",1585051062,"Image pack, Image, Video Carousel"
garniture empanadas,83,83,50,83.91,0.00,http://www.europastry.com/fr_FR/nouvelles/les-snacks-sont-a-lhonneur-dans-la-deuxieme-campagne-de-lannee-deuropastry/_id:192/,0,0,0.00,0,70500,"[33,78,11,44,100,11,22,11,11,11,33,11]",1583659745,"Image pack, Site links, Reviews, Image, Video Carousel"
ultimas noticias en el mundo 2015,86,86,50,79.6,0.00,http://www.europastry.com/es_ES/noticias/,0,0,0.00,0,419000000,"[0,0,0,0,100,0,0,0,0,0,0,0]",1584903658,
pasteisde nata,81,81,50,87.43,0.00,http://www.europastry.com/fr/produits/#!pasteis-de-nata-cuit-ts/_producto:596f5/,0,0,0.00,0,1030000,"[20,20,20,100,20,20,20,100,20,40,20,20]",1583763832,"Knowledge panel, Reviews, Image, Video Carousel"
baking challenge,49,49,50,56.96,0.00,http://www.europastry.com/fr_FR/nouvelles/le-concours-dinnovation-baking-the-future-challenge-arrive-a-son-terme/_id:211/,0,0,0.00,0,112000000,"[0,11,11,0,0,11,0,0,0,11,11,100]",1584059042,"Image pack, Site links, Reviews, Video, Image, Video Carousel"
bolleria napolitana,60,60,50,48.43,0.00,https://pedidosonline.europastry.com/ecommerce/catalogo/1_2-bolleria/8,0,0,0.00,0,348000,"[0,0,0,0,0,0,0,0,0,100,0,0]",1585285371,"Image pack, Video Carousel"
mini butter croissants,28,28,50,53.82,0.00,http://www.europastry.com/en_GB/products/#!butter-croissants/_subgama:17g16f2/,0,0,0.00,0,70000000,"[0,50,0,0,0,0,0,0,0,0,0,100]",1583868716,"Image pack, Reviews, Video, Image"
pasti de nata,91,91,50,84.94,0.00,http://www.europastry.com/fr/produits/#!pasteis-de-nata-cuit-ts/_producto:596f5/,0,0,0.00,0,958000,"[0,0,0,0,14,43,57,29,71,100,57,14]",1583948976,"Knowledge panel, Reviews, Image, Video Carousel"
produits espagnols paris 14,78,78,50,75.78,0.00,http://www.europastry.com/fr/produits/#!croissant-paris-chocolat-caprice/_producto:498s50g15f2/,0,0,0.00,0,18500000,"[11,0,22,22,0,11,11,100,11,78,22,0]",1584173301,"Knowledge panel, Image pack, Reviews, AdWords top"
berliner mit nutella,49,49,50,63.51,0.00,http://www.europastry.com/en_GB/news/europastry-takes-on-new-co-brandings-with-leading-brands-such-as-nutella-and-kitkat/_id:189/,0,0,0.00,0,2280000,"[0,50,50,0,50,0,100,0,0,100,0,50]",1583666370,"Image pack, Reviews, Video, Image, Video Carousel"
paille cereale chocolat,64,64,50,82.9,0.00,http://www.europastry.com/fr/produits/#!croissant-paris-90g/_producto:581g15f2/fr/produits/#!croissant-paris-caprice/_producto:223g15f2/fr/produits/#!croissant-paris-midi-caprice/_producto:276g15f2/fr/produits/#!super-croissant-paris-chocolat-caprice/_producto:527g15f2/fr/produits/#!croissant-paris-chocolat-caprice/_producto:498g15f2/fr/produits/#!croissant-aux-cereales-caprice/_producto:224g15f2/fr/produits/#!pain-au-chocolat-caprice/_producto:497g15f2/fr/produits/#!tresse-noir/_producto:227g15f2/fr/produits/#!pain-aux-raisins-caprice/_producto:228g15f2/fr/produits/#!torsade-caprice/_producto:230g15f2/fr/produits/#!paille-caprice/_producto:229g15f2/fr/produits/#!croissant-choc-caprice/_producto:225g15f2/fr/produits/#!mini-croissant-paris-caprice/_producto:231g15f2/fr/produits/#!mini-croissant-caprice-au-chocolat/_producto:612g15f2/fr/produits/#!petit-pain-aux-raisins-caprice/_producto:233g15f2/fr/produits/#!mini-croissant-aux-cereales-caprice/_producto:526g15f2/fr/produits/#!mini-torsade-caprice/_producto:234g15f2/fr/produits/#!tarte-aux-pommes-caprice/_producto:428g15f2/fr/produits/#!mini-fripon-au-chocolat-caprice/_producto:429g15f2/fr/produits/#!pain-suisse/_producto:724g15f2/fr/produits/#!pain-au-chocolat-caprice/_producto:868g15f2/fr/produits/#!croissant-paris-caprice-xl-courbe/_producto:870g15f2/fr/produits/#!assortiment-mini-caprice/_producto:956g15f2/fr/produits/#!croissant-100-epeautre/_producto:975g15f2/,0,0,0.00,0.95,380000,"[0,0,14,14,14,14,14,100,14,71,71,29]",1584450129,"Image pack, Reviews, Video, Image"
croissant maxi,59,59,50,70.45,0.00,http://www.europastry.com/en_GB/products/#!classic-croissants/_subgama:18g16f2/,0,0,0.00,0.57,17000000,"[0,0,0,0,0,0,33,0,33,100,67,67]",1585505634,"Image pack, Video, Image"
pain omega 3,62,62,50,69.45,0.00,http://www.europastry.com/fr/produits/#!sante-omega-3/_producto:84s70g14f1/,0,0,0.00,0.84,60900000,"[50,100,50,100,50,100,50,50,50,50,50,50]",1584025561,"Image pack, Reviews, Image"
potato hamburger buns,88,88,50,54.79,0.00,http://www.europastry.com/us/en/products/hot-dog-hamburger-buns/_idtype:45/,0,0,0.00,0,53500000,"[0,25,0,25,100,25,25,25,75,25,50,0]",1583192512,"Image pack, Reviews, Image, Video Carousel, People also ask"
hamburger pain noir,59,59,50,80.39,0.00,http://www.europastry.com/fr/produits/#!pain-hamburger-au-sesame/_producto:536g81f1/fr/produits/#!pain-hamburger-au-malt/_producto:537g81f1/fr/produits/#!pain-hamburger-rustique/_producto:538g81f1/fr/produits/#!pain-hamburger/_producto:88g81f1/,0,0,0.00,0.4,53900000,"[36,9,45,9,9,9,82,9,9,27,9,100]",1584198219,"Image pack, Site links, Reviews, Image, Video Carousel"
mini pain burger brioché,37,37,50,84,0.00,http://www.europastry.com/fr/produits/#!mini-burger-brioche/_producto:959s12g11f1/,0,0,0.00,0.72,692000,"[16,3,3,3,16,13,22,3,13,9,100,3]",1584943212,"Image pack, Image, Video Carousel"
south african pastry,81,81,50,57.44,0.00,http://www.europastry.com/en_GB/products/,0,0,0.00,0.21,56300000,"[0,100,0,100,0,100,100,0,0,0,0,100]",1584074057,"Image pack, Reviews, Image, Video Carousel"
empanadas galicienne,56,56,50,70.79,0.00,http://www.europastry.com/fr_FR/nouvelles/europastry-srsquoengage-a-acquerir-60-du-groupe-galicien-ingapan/_id:85/,0,0,0.00,0,4780,"[20,20,80,20,100,40,20,20,20,0,20,20]",1583391621,"Image pack, Reviews, Image, Video Carousel"
pain bao achat,5,5,50,71.69,0.00,http://www.europastry.com/fr_FR/nouvelles/europastry-lance-de-nouveaux-produits-elargissant-son-portefeuille-de-pains-faonnes/_id:58/,2,0.4,0.00,0.47,1100000,"[0,0,0,0,0,0,0,0,0,0,100,50]",1584990009,"Image pack, Video, Image, Shopping ads"
acheter pain bao,6,6,50,72.18,0.00,http://www.europastry.com/fr_FR/nouvelles/europastry-lance-de-nouveaux-produits-elargissant-son-portefeuille-de-pains-faonnes/_id:58/,2,0.4,0.00,0.54,96,"[0,0,0,0,0,0,100,56,11,44,11,11]",1584310249,"Image pack, Reviews, Image, Video Carousel"
kitkat com,96,96,50,66.25,0.00,http://www.europastry.com/fr_FR/nouvelles/europastry-sassocie-a-nestle-pour-creer-la-nouvelle-tartelette-avec-kitkat-unique-en-son-genre-sur-le-marche/_id:183/,0,0,0.00,0.09,87500000,"[40,20,40,40,20,20,40,60,60,20,100,20]",1584727076,"Image pack, Site links, Reviews"
doughin,88,88,50,73.78,0.00,http://www.europastry.com/download/comunicacionen/19/991/157865218/1794827/cms/waffle+dough+in+piping+bag_web.pdf/,0,0,0.00,0,30400000,"[25,75,75,25,75,100,100,25,25,0,0,25]",1584248543,"Image pack, Reviews, Video, Image"
assaisonnement steak haché burger,89,89,40,81.27,0.00,http://www.europastry.com/download/comunicacionfr/14/1246/1267489975/3932292/cms/panburger+fr.pdf/,0,0,0.00,0,163000,"[0,40,0,20,20,60,20,100,20,80,40,20]",1585382971,"Image, Video Carousel"
batman confeti,69,69,40,80,0.00,http://www.europastry.com/fr_FR/nouvelles/europastry-lanza-los-dots-batman-v-superman/_id:56/,0,0,0.00,0,3340000,"[0,100,14,14,0,0,0,0,0,0,29,0]",1584378214,"Image pack, Reviews, Video"
confetti dots,38,38,40,75.79,0.00,http://www.europastry.com/us/en/product-detail/confetti-dots/_id:435/,0,0,0.00,0,30200000,"[0,0,0,0,0,100,0,0,100,100,0,0]",1585049437,"Image pack, Video"
biscuit kitkat,26,26,40,81.43,0.00,http://www.europastry.com/fr_FR/nouvelles/europastry-mise-sur-de-nouveaux-co-brandings-avec-des-marques-phares-comme-nutella-et-kitkat/_id:189/,0,0,0.00,0.84,5150000,"[14,0,71,14,14,57,29,43,14,43,57,100]",1583181913,"Image pack, Reviews, Image, Video Carousel"
bizcocho plancha,62,62,40,45.22,0.00,https://pedidosonline.europastry.com/ecommerce/ficha/65670,0,0,0.00,0,7680000,"[14,0,14,0,0,14,0,0,100,29,0,14]",1584002187,"Image pack, Reviews, Image, Video Carousel"
cronut recipe,81,81,40,65.69,0.00,http://www.europastry.com/download/comunicacionnl/9/932/430331846/2559104/cms/cronut+recipe+book.pdf/,0,0,0.00,0,433000,"[14,57,100,14,29,14,14,71,57,14,14,43]",1584210356,"Image pack, Reviews, Image, Video Carousel"
assaisonnement steak haché pour hamburger,76,76,40,82.7,0.00,http://www.europastry.com/download/comunicacionfr/14/1246/1267489975/3932292/cms/panburger+fr.pdf/,0,0,0.00,0,164000,"[20,20,20,80,20,60,20,60,20,20,100,20]",1583756366,"Reviews, Image, Video Carousel"
con nosotros,84,84,40,77.87,0.00,http://www.europastry.com/fr_FR/trabaja-con-nosotros-intro/,0,0,0.00,0,1230000000,"[25,25,25,25,50,25,25,25,50,25,100,25]",1584615253,"Site links, Reviews, Video, Video Carousel"
forte personnalité synonyme,42,42,40,90.77,0.00,http://www.europastry.com/fr_FR/nouvelles/europastry-elargit-son-eventail-de-pains-de-hamburger-avec-une-nouvelle-gamme-de-panburger/_id:64/,0,0,0.00,0,90,"[100,20,40,80,60,20,40,20,20,20,20,20]",1585121308,"Image pack, Featured snippet"
fournisseur produit espagnol,29,29,40,52.24,0.00,http://www.europastry.com/fr_FR/produits/,0,0,0.00,0.29,9460000,"[25,25,25,100,25,75,25,75,25,75,25,25]",1583890404,"Site links, Reviews"
assaisonnement viande hachée pour burger,65,65,40,82.95,0.00,http://www.europastry.com/download/comunicacionfr/14/1246/1267489975/3932292/cms/panburger+fr.pdf/,0,0,0.00,0.01,241000,"[0,0,0,50,50,100,50,50,50,50,50,50]",1584372778,"Reviews, Image, Video Carousel"
mini pain burger surgelé,42,42,40,73.81,0.64,http://www.europastry.com/fr_FR/nouvelles/europastry-lance-de-nouveaux-produits-elargissant-son-portefeuille-de-pains-faonnes/_id:58/,0,0,0.00,1,168000,"[11,78,11,78,11,11,11,44,11,100,11,56]",1585399033,"Image pack, Site links, Video, Image"
bocadillo españa,48,48,40,67.23,0.00,http://www.europastry.com/es_ES/noticias/saint-honore-busca-el-mejor-bocadillo-de-autor-de-espana/_id:122/,0,0,0.00,0,29600000,"[20,20,20,40,40,20,20,20,20,100,0,40]",1584486537,"Knowledge panel, Site links, Reviews, Featured snippet, Image, Video Carousel"
chocolate quasons,31,31,40,69.87,0.00,http://www.europastry.com/fr/produits/#!super-croissant-paris-chocolat-caprice/_producto:527s50g15f2/fr/produits/#!croissant-aux-cereales-caprice/_producto:224s50g15f2/,0,0,0.00,0,145000000,"[0,0,0,0,0,0,100,0,0,0,0,0]",1583195862,"Knowledge panel, Reviews, Video, Image, Video Carousel"
croissant facil,80,80,40,89.66,0.00,https://pedidosonline.europastry.com/ecommerce/ficha/29280,0,0,0.00,0,2650000,"[25,25,0,25,0,25,50,0,100,25,25,50]",1585223960,"Image pack, Image, Video Carousel"
achat produit espagnol en ligne,39,39,40,57,0.00,http://www.europastry.com/fr_FR/produits/,0,0,0.00,0.29,7060000,"[57,14,14,57,29,100,14,43,14,14,14,29]",1584533262,"Site links, Reviews"
génoise fourrée nutella,73,73,40,81.8,0.00,http://www.europastry.com/fr_FR/nouvelles/europastry-mise-sur-de-nouveaux-co-brandings-avec-des-marques-phares-comme-nutella-et-kitkat/_id:189/,0,0,0.00,0,91,"[14,14,14,14,43,14,14,14,100,29,14,14]",1584747437,"Image pack, Reviews, Image, Video Carousel"
burger rustique,57,57,40,82.96,0.00,http://www.europastry.com/fr_FR/nouvelles/europastry-elargit-son-eventail-de-pains-de-hamburger-avec-une-nouvelle-gamme-de-panburger/_id:64/,0,0,0.00,0.3,2820000,"[33,33,100,33,67,100,33,33,33,33,67,33]",1585094530,"Image pack, Image, Video Carousel"
acheter plv,49,49,40,70.6,1.49,http://www.europastry.com/fr_FR/conseils-plv/,0,0,0.00,0.88,287000,"[100,14,14,14,14,14,71,14,14,57,14,29]",1583352805,"Site links, Reviews"
butter croissant nutrition facts,77,77,40,66.08,0.00,http://www.europastry.com/us/en/product-detail/straight-butter-multi-grain-croissant/_id:521/,0,0,0.00,0,2060000,"[0,0,0,0,0,0,0,0,0,100,0,0]",1584921525,"Image pack, Featured snippet, Image, People also ask"
fabricant de viennoiserie surgelée,88,88,40,68.52,0.00,http://www.europastry.com/fr_FR/nouvelles/les-viennoiseries-drsquoeuropastry-contiennent-30-en-moins-de-sucres-que-la-moyenne-du-secteur/_id:114/,0,0,0.00,0.59,100,"[0,22,11,11,11,0,11,0,100,11,11,100]",1584088657,"Image pack, Video Carousel"
baguette de cristal,17,17,40,67.7,0.00,http://www.europastry.com/fr/produits/#!1/2-baguette-cristal/_producto:963s12g11f1/,0,0,0.00,1,7270000,"[11,11,11,11,11,100,11,11,11,11,22,11]",1583129708,"Image pack, Reviews"
faire un hamburger avec de la viande hachée,91,91,40,86.11,0.00,http://www.europastry.com/download/comunicacionfr/14/1246/1267489975/3932292/cms/panburger+fr.pdf/,0,0,0.00,0.06,849000,"[20,20,20,20,100,20,20,20,20,20,20,100]",1584817290,"Image, Video Carousel"
gamme napolitaine,29,29,40,59.33,0.00,http://www.europastry.com/fr_FR/nouvelles/europastry-consolide-sa-ligne-de-viennoiseries-avec-des-produits-haut-de-gamme-a-la-margarine/_id:90/,0,0,0.00,0.02,456000,"[57,100,14,14,14,14,71,14,14,14,29,14]",1583157848,"Image pack, Reviews, Video, Image, Video Carousel"
hamburger le plus piquant du monde,48,48,40,82.74,0.00,http://www.europastry.com/download/comunicacionfr/14/1246/1267489975/3932292/cms/panburger+fr.pdf/,0,0,0.00,0,357000,"[22,11,11,11,78,100,11,11,33,11,22,44]",1584839337,"Image pack, Video, Image"
boutique produits espagnols,86,86,40,57.26,0.00,http://www.europastry.com/fr_FR/produits/,0,0,0.00,0.6,21600000,"[80,40,60,60,40,60,20,20,20,20,100,60]",1585155745,"Local pack, Image pack, Site links"
gateau de saison printemps,64,64,40,89.32,0.00,http://www.europastry.com/fr_FR/nouvelles/les-nouveaux-gateaux-deuropastry-apportent-raffinement-et-delicatesse-a-la-patisserie/_id:196/,0,0,0.00,0.01,4590000,"[5,5,3,3,82,100,3,3,3,3,3,8]",1584097347,"Image pack, Reviews, Video, Image"
